CREATE DATABASE  IF NOT EXISTS `loja` /*!40100 DEFAULT CHARACTER SET utf8mb4 COLLATE utf8mb4_0900_ai_ci */ /*!80016 DEFAULT ENCRYPTION='N' */;
USE `loja`;
-- MySQL dump 10.13  Distrib 8.0.45, for Win64 (x86_64)
--
-- Host: localhost    Database: loja
-- ------------------------------------------------------
-- Server version	8.0.45

/*!40101 SET @OLD_CHARACTER_SET_CLIENT=@@CHARACTER_SET_CLIENT */;
/*!40101 SET @OLD_CHARACTER_SET_RESULTS=@@CHARACTER_SET_RESULTS */;
/*!40101 SET @OLD_COLLATION_CONNECTION=@@COLLATION_CONNECTION */;
/*!50503 SET NAMES utf8 */;
/*!40103 SET @OLD_TIME_ZONE=@@TIME_ZONE */;
/*!40103 SET TIME_ZONE='+00:00' */;
/*!40014 SET @OLD_UNIQUE_CHECKS=@@UNIQUE_CHECKS, UNIQUE_CHECKS=0 */;
/*!40014 SET @OLD_FOREIGN_KEY_CHECKS=@@FOREIGN_KEY_CHECKS, FOREIGN_KEY_CHECKS=0 */;
/*!40101 SET @OLD_SQL_MODE=@@SQL_MODE, SQL_MODE='NO_AUTO_VALUE_ON_ZERO' */;
/*!40111 SET @OLD_SQL_NOTES=@@SQL_NOTES, SQL_NOTES=0 */;

--
-- Table structure for table `cliente`
--

DROP TABLE IF EXISTS `cliente`;
/*!40101 SET @saved_cs_client     = @@character_set_client */;
/*!50503 SET character_set_client = utf8mb4 */;
CREATE TABLE `cliente` (
  `id` bigint NOT NULL AUTO_INCREMENT,
  `email` varchar(255) DEFAULT NULL,
  `nome` varchar(255) DEFAULT NULL,
  `senha` varchar(255) DEFAULT NULL,
  `tipo` varchar(255) DEFAULT NULL,
  `filial_id` bigint DEFAULT NULL,
  PRIMARY KEY (`id`),
  KEY `FK1mlr6p1t2hc710vqpelk4f3us` (`filial_id`),
  CONSTRAINT `FK1mlr6p1t2hc710vqpelk4f3us` FOREIGN KEY (`filial_id`) REFERENCES `filial` (`id`)
) ENGINE=InnoDB AUTO_INCREMENT=46 DEFAULT CHARSET=utf8mb4 COLLATE=utf8mb4_0900_ai_ci;
/*!40101 SET character_set_client = @saved_cs_client */;

--
-- Dumping data for table `cliente`
--

LOCK TABLES `cliente` WRITE;
/*!40000 ALTER TABLE `cliente` DISABLE KEYS */;
INSERT INTO `cliente` VALUES (10,'vandermcalza@outlook.com','Vanderlei Marcelo Calza','123','CLIENTE',NULL),(11,'vandermcalca@hotmail.com','Marcelo Calça','123','CLIENTE',NULL),(12,'marcelino@hotmail.com','Marcelino Admin','123','ADMIN',NULL),(13,'marcelo@marcelo','Marcelo','123','CLIENTE',2),(14,'sandra@sandra','Sandra','123','CLIENTE',NULL),(15,'sandramatos@hotmail.com','Sandra Matos(Shopping)','123','GERENTE',2),(16,'bruna@bruna','Bruna(Centro)','123','GERENTE',1),(17,'bruno@bruno','Bruno(Zona Norte)','123','GERENTE',3),(18,'maria@maria','Maria Joaquina','123','ATENDENTE',1),(19,NULL,'MARIAZILDA (Balcão)','','CLIENTE',NULL),(20,NULL,'eumesm (Balcão)','','CLIENTE',NULL),(21,NULL,'vitor (Balcão)','','CLIENTE',NULL),(22,NULL,'fulano (Balcão)','','CLIENTE',NULL),(23,NULL,'mariaaaaaa (Balcão)','','CLIENTE',NULL),(24,NULL,'Marinalva (Balcão)','','CLIENTE',NULL),(25,NULL,'paulo (Balcão)','','CLIENTE',NULL),(26,NULL,'joao (Balcão)','','CLIENTE',NULL),(27,'joao@joao','João ','123','ATENDENTE',2),(28,'jose@jose','José','123','ATENDENTE',3),(29,NULL,'tereza (Balcão)','','CLIENTE',NULL),(30,NULL,'paulo (Balcão)','','CLIENTE',NULL),(31,NULL,'vande (Balcão)','','CLIENTE',NULL),(32,NULL,'jorvasio (Balcão)','','CLIENTE',NULL),(33,NULL,'zeeze (Balcão)','','CLIENTE',NULL),(34,NULL,'jose aldo (Balcão)','','CLIENTE',NULL),(35,NULL,'fa (Balcão)','','CLIENTE',NULL),(36,NULL,'tereza (Balcão)','','CLIENTE',NULL),(37,NULL,'Vanderlei Marcelo Calza (Balcão)','','CLIENTE',NULL),(38,NULL,'Marcelo Calça (Balcão)','','CLIENTE',NULL),(39,NULL,'paulo (Balcão)','','CLIENTE',NULL),(40,NULL,'paulo (Balcão)','','CLIENTE',NULL),(41,NULL,'paulo (Balcão)','','CLIENTE',NULL),(42,NULL,'paulo paulada (Balcão)','','CLIENTE',NULL),(43,NULL,'paulo (Balcão)','','CLIENTE',NULL),(44,NULL,'Paulo Sergio (Balcão)','','CLIENTE',NULL),(45,NULL,'Paulo Mendonça (Balcão)','','CLIENTE',NULL);
/*!40000 ALTER TABLE `cliente` ENABLE KEYS */;
UNLOCK TABLES;

--
-- Table structure for table `estoque`
--

DROP TABLE IF EXISTS `estoque`;
/*!40101 SET @saved_cs_client     = @@character_set_client */;
/*!50503 SET character_set_client = utf8mb4 */;
CREATE TABLE `estoque` (
  `id` bigint NOT NULL AUTO_INCREMENT,
  `quantidade` int DEFAULT NULL,
  `filial_id` bigint DEFAULT NULL,
  `produto_id` bigint DEFAULT NULL,
  PRIMARY KEY (`id`),
  KEY `FKhosd093pbsi16y6d7t1rdmff0` (`filial_id`),
  KEY `FKh201uorwvq9pjj4dsvjyo73ft` (`produto_id`),
  CONSTRAINT `FKh201uorwvq9pjj4dsvjyo73ft` FOREIGN KEY (`produto_id`) REFERENCES `produto` (`id`),
  CONSTRAINT `FKhosd093pbsi16y6d7t1rdmff0` FOREIGN KEY (`filial_id`) REFERENCES `filial` (`id`)
) ENGINE=InnoDB AUTO_INCREMENT=97 DEFAULT CHARSET=utf8mb4 COLLATE=utf8mb4_0900_ai_ci;
/*!40101 SET character_set_client = @saved_cs_client */;

--
-- Dumping data for table `estoque`
--

LOCK TABLES `estoque` WRITE;
/*!40000 ALTER TABLE `estoque` DISABLE KEYS */;
INSERT INTO `estoque` VALUES (1,0,1,1),(2,0,1,2),(3,14,1,3),(4,13,1,4),(5,15,1,5),(6,14,1,6),(7,18,1,7),(8,18,1,8),(9,19,1,9),(10,20,1,10),(11,20,1,11),(12,20,1,12),(13,20,1,13),(14,20,1,14),(15,20,1,15),(16,20,1,16),(17,20,1,17),(18,20,1,18),(19,20,1,19),(20,20,1,20),(21,20,1,21),(22,20,1,22),(32,13,2,1),(33,13,2,2),(34,15,2,3),(35,13,2,4),(36,15,2,5),(37,15,2,6),(38,15,2,7),(39,15,2,8),(40,15,2,9),(41,15,2,10),(42,15,2,11),(43,15,2,12),(44,10,2,13),(45,15,2,14),(46,15,2,15),(47,15,2,16),(48,15,2,17),(49,15,2,18),(50,15,2,19),(51,15,2,20),(52,15,2,21),(53,15,2,22),(63,7,3,1),(64,9,3,2),(65,10,3,3),(66,10,3,4),(67,10,3,5),(68,10,3,6),(69,10,3,7),(70,10,3,8),(71,10,3,9),(72,10,3,10),(73,10,3,11),(74,10,3,12),(75,10,3,13),(76,10,3,14),(77,10,3,15),(78,10,3,16),(79,10,3,17),(80,10,3,18),(81,10,3,19),(82,10,3,20),(83,10,3,21),(84,10,3,22);
/*!40000 ALTER TABLE `estoque` ENABLE KEYS */;
UNLOCK TABLES;

--
-- Table structure for table `filial`
--

DROP TABLE IF EXISTS `filial`;
/*!40101 SET @saved_cs_client     = @@character_set_client */;
/*!50503 SET character_set_client = utf8mb4 */;
CREATE TABLE `filial` (
  `id` bigint NOT NULL AUTO_INCREMENT,
  `nome` varchar(255) DEFAULT NULL,
  PRIMARY KEY (`id`)
) ENGINE=InnoDB AUTO_INCREMENT=4 DEFAULT CHARSET=utf8mb4 COLLATE=utf8mb4_0900_ai_ci;
/*!40101 SET character_set_client = @saved_cs_client */;

--
-- Dumping data for table `filial`
--

LOCK TABLES `filial` WRITE;
/*!40000 ALTER TABLE `filial` DISABLE KEYS */;
INSERT INTO `filial` VALUES (1,'Centro'),(2,'Shopping'),(3,'Zona Norte');
/*!40000 ALTER TABLE `filial` ENABLE KEYS */;
UNLOCK TABLES;

--
-- Table structure for table `item_pedido`
--

DROP TABLE IF EXISTS `item_pedido`;
/*!40101 SET @saved_cs_client     = @@character_set_client */;
/*!50503 SET character_set_client = utf8mb4 */;
CREATE TABLE `item_pedido` (
  `id` bigint NOT NULL AUTO_INCREMENT,
  `preco_unitario` double DEFAULT NULL,
  `quantidade` int DEFAULT NULL,
  `pedido_id` bigint DEFAULT NULL,
  `produto_id` bigint DEFAULT NULL,
  PRIMARY KEY (`id`),
  KEY `FK60ym08cfoysa17wrn1swyiuda` (`pedido_id`),
  KEY `FKtk55mn6d6bvl5h0no5uagi3sf` (`produto_id`),
  CONSTRAINT `FK60ym08cfoysa17wrn1swyiuda` FOREIGN KEY (`pedido_id`) REFERENCES `pedido` (`id`),
  CONSTRAINT `FKtk55mn6d6bvl5h0no5uagi3sf` FOREIGN KEY (`produto_id`) REFERENCES `produto` (`id`)
) ENGINE=InnoDB AUTO_INCREMENT=56 DEFAULT CHARSET=utf8mb4 COLLATE=utf8mb4_0900_ai_ci;
/*!40101 SET character_set_client = @saved_cs_client */;

--
-- Dumping data for table `item_pedido`
--

LOCK TABLES `item_pedido` WRITE;
/*!40000 ALTER TABLE `item_pedido` DISABLE KEYS */;
INSERT INTO `item_pedido` VALUES (1,18,1,6,2),(2,8,2,9,4),(3,15,2,12,1),(4,18,1,28,2),(5,15,1,28,1),(6,18,1,32,2),(7,15,1,32,1),(8,15,1,36,1),(9,18,1,36,2),(10,10,2,40,6),(11,18,1,43,2),(12,15,1,43,1),(13,18,1,46,2),(14,18,1,51,2),(15,18,1,75,2),(16,22,1,75,3),(17,18,1,79,2),(18,15,1,79,1),(19,15,1,82,1),(20,18,1,82,2),(21,18,1,85,2),(22,18,1,88,2),(23,15,1,88,1),(24,18,1,91,2),(25,18,1,94,2),(26,18,1,99,2),(27,8,1,99,4),(28,18,1,103,2),(29,18,1,106,2),(30,8,1,109,4),(31,8,1,113,4),(32,22,1,113,3),(33,10,1,116,6),(34,10,1,116,5),(35,7,1,116,7),(36,8,1,120,4),(37,10,1,120,6),(38,10,2,123,5),(39,22,1,123,3),(40,8,1,123,4),(41,10,1,126,5),(42,22,1,126,3),(43,10,1,126,6),(44,18,1,129,2),(45,8,1,129,4),(46,22,1,129,3),(50,25,1,132,8),(51,7,1,132,7),(52,28,1,132,9),(53,10,1,137,6),(54,10,1,137,5),(55,25,1,137,8);
/*!40000 ALTER TABLE `item_pedido` ENABLE KEYS */;
UNLOCK TABLES;

--
-- Table structure for table `pagamento`
--

DROP TABLE IF EXISTS `pagamento`;
/*!40101 SET @saved_cs_client     = @@character_set_client */;
/*!50503 SET character_set_client = utf8mb4 */;
CREATE TABLE `pagamento` (
  `id` bigint NOT NULL AUTO_INCREMENT,
  `metodo` varchar(255) DEFAULT NULL,
  `status` varchar(255) DEFAULT NULL,
  `pedido_id` bigint DEFAULT NULL,
  PRIMARY KEY (`id`),
  UNIQUE KEY `UKsc46s3wc046ujpdoumidm4cr7` (`pedido_id`),
  CONSTRAINT `FKthad9tkw4188hb3qo1lm5ueb0` FOREIGN KEY (`pedido_id`) REFERENCES `pedido` (`id`)
) ENGINE=InnoDB AUTO_INCREMENT=32 DEFAULT CHARSET=utf8mb4 COLLATE=utf8mb4_0900_ai_ci;
/*!40101 SET character_set_client = @saved_cs_client */;

--
-- Dumping data for table `pagamento`
--

LOCK TABLES `pagamento` WRITE;
/*!40000 ALTER TABLE `pagamento` DISABLE KEYS */;
INSERT INTO `pagamento` VALUES (1,'PIX','APROVADO',6),(2,'PIX','APROVADO',9),(3,'PIX','APROVADO',12),(4,'PIX','APROVADO',28),(5,'PIX','APROVADO',32),(6,'PIX','APROVADO',36),(7,'PIX','APROVADO',40),(8,'PIX','APROVADO',43),(9,'PIX','APROVADO',46),(10,'PIX','APROVADO',51),(11,'PIX','APROVADO',75),(12,'PIX','APROVADO',79),(13,'PIX','APROVADO',82),(14,'PIX','APROVADO',85),(15,'PIX','APROVADO',88),(16,'PIX','APROVADO',91),(17,'PIX','APROVADO',94),(18,'PIX','APROVADO',99),(19,'PIX','APROVADO',103),(20,'PIX','APROVADO',106),(21,'PIX','APROVADO',109),(22,'PIX','APROVADO',113),(23,'PIX','APROVADO',116),(24,'PIX','APROVADO',120),(25,'PIX','APROVADO',123),(26,'PIX','APROVADO',126),(27,'PIX','APROVADO',129),(28,'PIX','APROVADO',132),(31,'PIX','APROVADO',137);
/*!40000 ALTER TABLE `pagamento` ENABLE KEYS */;
UNLOCK TABLES;

--
-- Table structure for table `pedido`
--

DROP TABLE IF EXISTS `pedido`;
/*!40101 SET @saved_cs_client     = @@character_set_client */;
/*!50503 SET character_set_client = utf8mb4 */;
CREATE TABLE `pedido` (
  `id` bigint NOT NULL AUTO_INCREMENT,
  `data_pedido` datetime(6) DEFAULT NULL,
  `status` varchar(255) DEFAULT NULL,
  `valor_total` double DEFAULT NULL,
  `cliente_id` bigint DEFAULT NULL,
  `filial_id` bigint DEFAULT NULL,
  PRIMARY KEY (`id`),
  KEY `FK30s8j2ktpay6of18lbyqn3632` (`cliente_id`),
  KEY `FKl1n770t6l2ps1k1ctqg9xcq56` (`filial_id`),
  CONSTRAINT `FK30s8j2ktpay6of18lbyqn3632` FOREIGN KEY (`cliente_id`) REFERENCES `cliente` (`id`),
  CONSTRAINT `FKl1n770t6l2ps1k1ctqg9xcq56` FOREIGN KEY (`filial_id`) REFERENCES `filial` (`id`)
) ENGINE=InnoDB AUTO_INCREMENT=141 DEFAULT CHARSET=utf8mb4 COLLATE=utf8mb4_0900_ai_ci;
/*!40101 SET character_set_client = @saved_cs_client */;

--
-- Dumping data for table `pedido`
--

LOCK TABLES `pedido` WRITE;
/*!40000 ALTER TABLE `pedido` DISABLE KEYS */;
INSERT INTO `pedido` VALUES (1,'2026-05-14 09:50:58.808345','PENDENTE',0,15,NULL),(2,'2026-05-14 09:52:15.820635','PENDENTE',0,15,NULL),(3,'2026-05-14 09:58:08.111893','PENDENTE',0,15,NULL),(4,'2026-05-14 10:03:08.459521','PENDENTE',0,15,NULL),(5,'2026-05-14 10:03:42.297388','PENDENTE',0,10,NULL),(6,'2026-05-14 10:03:45.071735','FINALIZADO',18,10,1),(7,'2026-05-14 10:03:57.899704','PENDENTE',0,10,NULL),(8,'2026-05-14 10:04:27.633881','PENDENTE',0,10,NULL),(9,'2026-05-14 10:04:30.174046','PENDENTE',16,10,2),(10,'2026-05-14 10:04:36.674821','PENDENTE',0,10,NULL),(11,'2026-05-14 10:04:55.449084','PENDENTE',0,10,NULL),(12,'2026-05-14 10:04:57.052550','FINALIZADO',30,10,3),(13,'2026-05-14 10:05:03.967811','PENDENTE',0,10,NULL),(14,'2026-05-14 10:05:18.305423','PENDENTE',0,15,NULL),(15,'2026-05-14 10:07:47.281669','PENDENTE',0,16,NULL),(16,'2026-05-14 10:08:53.291198','PENDENTE',0,17,NULL),(17,'2026-05-14 10:10:10.762010','PENDENTE',0,11,NULL),(18,'2026-05-14 10:11:23.441555','PENDENTE',0,11,NULL),(19,'2026-05-14 10:11:32.971705','PENDENTE',0,11,3),(20,'2026-05-14 10:11:46.434818','PENDENTE',0,13,NULL),(21,'2026-05-14 10:13:25.426660','PENDENTE',0,13,NULL),(22,'2026-05-14 10:13:37.356870','FINALIZADO',0,13,1),(23,'2026-05-14 10:13:55.307433','EM PREPARO',0,13,2),(24,'2026-05-14 10:14:15.443551','PENDENTE',0,13,3),(25,'2026-05-14 10:14:39.914588','PENDENTE',0,12,NULL),(26,'2026-05-14 10:21:36.312085','PENDENTE',0,12,NULL),(27,'2026-05-14 10:49:08.825890','PENDENTE',0,10,NULL),(28,'2026-05-14 10:49:11.212172','FINALIZADO',33,10,1),(29,'2026-05-14 10:49:17.444022','PENDENTE',0,10,NULL),(30,'2026-05-14 10:49:54.986716','PENDENTE',0,16,NULL),(31,'2026-05-14 10:54:43.286126','PENDENTE',0,11,NULL),(32,'2026-05-14 10:54:45.204637','FINALIZADO',33,11,1),(33,'2026-05-14 10:54:49.274681','PENDENTE',0,11,NULL),(34,'2026-05-14 10:55:14.068031','PENDENTE',0,16,NULL),(35,'2026-05-14 11:06:06.683283','PENDENTE',0,10,NULL),(36,'2026-05-14 11:06:12.302384','EM PREPARO',33,10,1),(37,'2026-05-14 11:06:22.666418','PENDENTE',0,10,NULL),(38,'2026-05-14 11:06:36.659810','PENDENTE',0,16,NULL),(39,'2026-05-14 11:13:53.680355','PENDENTE',0,10,NULL),(40,'2026-05-14 11:13:55.650086','EM PREPARO',20,10,1),(41,'2026-05-14 11:14:00.786029','PENDENTE',0,10,NULL),(42,'2026-05-14 11:20:53.462852','PENDENTE',0,10,NULL),(43,'2026-05-14 11:20:55.885847','EM PREPARO',33,10,1),(44,'2026-05-14 11:20:59.911295','PENDENTE',0,10,NULL),(45,'2026-05-14 11:22:21.384605','PENDENTE',0,10,NULL),(46,'2026-05-14 11:22:23.180902','EM PREPARO',18,10,1),(47,'2026-05-14 11:25:49.031083','PENDENTE',0,10,NULL),(48,'2026-05-14 11:26:16.712871','PENDENTE',0,10,NULL),(49,'2026-05-14 11:26:18.453872','PENDENTE',0,10,1),(50,'2026-05-14 11:27:03.832133','PENDENTE',0,10,NULL),(51,'2026-05-14 11:27:05.407857','EM PREPARO',18,10,1),(52,'2026-05-14 11:27:09.579217','PENDENTE',0,10,NULL),(53,'2026-05-14 11:28:56.361163','PENDENTE',0,11,NULL),(54,'2026-05-14 11:28:59.740846','PENDENTE',0,11,1),(55,'2026-05-15 20:30:52.432417','PENDENTE',0,12,NULL),(56,'2026-05-15 20:32:54.572877','PENDENTE',0,18,NULL),(57,'2026-05-15 20:34:01.497932','PENDENTE',0,18,NULL),(58,'2026-05-15 20:34:28.836542','PENDENTE',0,19,1),(59,'2026-05-15 20:41:36.825483','PENDENTE',0,18,NULL),(60,'2026-05-15 20:45:08.625950','PENDENTE',0,18,NULL),(61,'2026-05-15 20:45:54.395468','PENDENTE',0,18,NULL),(62,'2026-05-15 20:46:03.612408','PENDENTE',0,20,1),(63,'2026-05-15 20:57:45.038356','PENDENTE',0,18,NULL),(64,'2026-05-15 20:58:09.284349','PENDENTE',0,21,1),(65,'2026-05-15 20:59:33.227595','PENDENTE',0,18,NULL),(66,'2026-05-15 20:59:48.969371','PENDENTE',0,22,1),(67,'2026-05-15 21:03:23.415068','PENDENTE',0,23,1),(68,'2026-05-15 21:19:45.753938','PENDENTE',0,18,NULL),(69,'2026-05-15 21:19:58.011617','PENDENTE',0,24,1),(70,'2026-05-15 21:44:29.387964','PENDENTE',0,18,NULL),(71,'2026-05-15 21:47:40.397874','PENDENTE',0,18,NULL),(72,'2026-05-15 22:01:59.699690','PENDENTE',0,18,NULL),(73,'2026-05-15 22:02:09.058294','PENDENTE',0,25,1),(74,'2026-05-15 22:06:27.049987','PENDENTE',0,18,NULL),(75,'2026-05-15 22:06:34.361473','EM PREPARO',40,26,1),(76,'2026-05-15 22:06:46.354926','PENDENTE',0,26,NULL),(77,'2026-05-15 22:08:27.280967','PENDENTE',0,12,NULL),(78,'2026-05-15 22:11:03.001207','PENDENTE',0,27,NULL),(79,'2026-05-15 22:11:17.645716','SAIU PARA ENTREGA',33,29,2),(80,'2026-05-15 22:11:24.319723','PENDENTE',0,29,NULL),(81,'2026-05-15 22:12:20.936884','PENDENTE',0,28,NULL),(82,'2026-05-15 22:12:28.277107','EM PREPARO',33,30,3),(83,'2026-05-15 22:12:35.272795','PENDENTE',0,30,NULL),(84,'2026-05-15 22:13:18.674596','PENDENTE',0,18,NULL),(85,'2026-05-15 22:13:36.701236','EM PREPARO',18,31,1),(86,'2026-05-15 22:13:42.315178','PENDENTE',0,31,NULL),(87,'2026-05-15 22:33:29.494093','PENDENTE',0,18,NULL),(88,'2026-05-15 22:33:42.587087','EM PREPARO',33,32,1),(89,'2026-05-15 22:33:47.101451','PENDENTE',0,32,NULL),(90,'2026-05-15 22:34:45.993335','PENDENTE',0,18,NULL),(91,'2026-05-15 22:35:03.964805','EM PREPARO',18,33,1),(92,'2026-05-15 22:35:07.768263','PENDENTE',0,33,NULL),(93,'2026-05-15 22:41:11.208205','PENDENTE',0,18,NULL),(94,'2026-05-15 22:41:21.201917','EM PREPARO',18,34,1),(95,'2026-05-15 22:41:40.985028','PENDENTE',0,34,NULL),(96,'2026-05-15 22:42:44.845458','FINALIZADO',0,18,2),(97,'2026-05-15 22:42:52.448946','FINALIZADO',0,18,1),(98,'2026-05-15 22:43:33.265231','PENDENTE',0,18,NULL),(99,'2026-05-15 22:46:53.200270','FINALIZADO',26,35,1),(100,'2026-05-15 22:46:59.888224','PENDENTE',0,35,NULL),(101,'2026-05-15 23:00:26.564765','PENDENTE',0,16,NULL),(102,'2026-05-15 23:02:40.873711','PENDENTE',0,18,NULL),(103,'2026-05-15 23:02:48.345996','EM PREPARO',18,36,1),(104,'2026-05-15 23:02:53.280975','PENDENTE',0,36,NULL),(105,'2026-05-27 19:26:37.583895','PENDENTE',0,18,NULL),(106,'2026-05-27 19:26:47.671779','EM PREPARO',18,37,1),(107,'2026-05-27 19:26:52.794739','PENDENTE',0,37,NULL),(108,'2026-05-29 15:57:24.279069','PENDENTE',0,18,NULL),(109,'2026-05-29 15:57:34.039723','EM PREPARO',8,38,1),(110,'2026-05-29 15:57:39.952150','PENDENTE',0,38,NULL),(111,'2026-05-29 16:13:43.664079','PENDENTE',0,15,NULL),(112,'2026-05-29 16:15:23.581567','PENDENTE',0,18,NULL),(113,'2026-05-29 16:15:32.119660','EM PREPARO',30,39,1),(114,'2026-05-29 16:15:43.379602','PENDENTE',0,39,NULL),(115,'2026-05-29 16:16:58.502826','PENDENTE',0,18,NULL),(116,'2026-05-29 16:17:03.699790','EM PREPARO',27,40,1),(117,'2026-05-29 16:17:11.295655','PENDENTE',0,40,NULL),(118,'2026-05-29 16:22:15.021863','PENDENTE',0,18,NULL),(119,'2026-05-29 16:29:07.119150','PENDENTE',0,18,NULL),(120,'2026-05-29 16:29:16.005409','EM PREPARO',18,41,1),(121,'2026-05-29 16:29:24.147586','PENDENTE',0,41,NULL),(122,'2026-05-29 16:45:51.587398','PENDENTE',0,18,NULL),(123,'2026-05-29 16:46:08.596773','EM PREPARO',50,42,1),(124,'2026-05-29 16:46:18.633338','PENDENTE',0,42,NULL),(125,'2026-05-29 16:47:43.292703','PENDENTE',0,18,NULL),(126,'2026-05-29 16:47:50.511736','EM PREPARO',42,43,1),(127,'2026-05-29 16:48:00.509573','PENDENTE',0,43,NULL),(128,'2026-05-29 16:56:14.397542','PENDENTE',0,18,NULL),(129,'2026-05-29 16:56:25.788647','EM PREPARO',48,44,1),(130,'2026-05-29 16:56:42.764159','PENDENTE',0,44,NULL),(131,'2026-05-29 16:57:45.604958','PENDENTE',0,18,NULL),(132,'2026-05-29 16:58:11.692305','EM PREPARO',60,45,1),(133,'2026-05-29 16:58:25.329003','PENDENTE',0,45,NULL),(134,'2026-05-29 16:59:01.487417','PENDENTE',0,45,NULL),(135,'2026-05-29 16:59:24.212927','PENDENTE',0,45,NULL),(136,'2026-05-29 16:59:55.971814','PENDENTE',0,13,NULL),(137,'2026-05-29 16:59:58.286823','EM PREPARO',45,13,1),(138,'2026-05-29 17:00:06.850423','PENDENTE',0,13,NULL),(139,'2026-05-29 17:01:08.316097','PENDENTE',0,13,NULL),(140,'2026-05-29 17:01:10.357269','PENDENTE',0,13,1);
/*!40000 ALTER TABLE `pedido` ENABLE KEYS */;
UNLOCK TABLES;

--
-- Table structure for table `produto`
--

DROP TABLE IF EXISTS `produto`;
/*!40101 SET @saved_cs_client     = @@character_set_client */;
/*!50503 SET character_set_client = utf8mb4 */;
CREATE TABLE `produto` (
  `id` bigint NOT NULL AUTO_INCREMENT,
  `nome` varchar(255) DEFAULT NULL,
  `preco` double DEFAULT NULL,
  `estoque` int DEFAULT NULL,
  PRIMARY KEY (`id`)
) ENGINE=InnoDB AUTO_INCREMENT=24 DEFAULT CHARSET=utf8mb4 COLLATE=utf8mb4_0900_ai_ci;
/*!40101 SET character_set_client = @saved_cs_client */;

--
-- Dumping data for table `produto`
--

LOCK TABLES `produto` WRITE;
/*!40000 ALTER TABLE `produto` DISABLE KEYS */;
INSERT INTO `produto` VALUES (1,'Açaí Tradicional',15,NULL),(2,'Açaí com Banana',18,NULL),(3,'Açaí Premium',22,NULL),(4,'Água de Coco',8,NULL),(5,'Suco de Cajá',10,NULL),(6,'Suco de Umbu',10,NULL),(7,'Refrigerante Lata',7,NULL),(8,'X-Burger Nordestino',25,NULL),(9,'X-Bacon',28,NULL),(10,'Hambúrguer Artesanal',32,NULL),(11,'Batata Frita',18,NULL),(12,'Batata com Cheddar',24,NULL),(13,'Tapioca de Carne Seca',20,NULL),(14,'Tapioca de Queijo Coalho',18,NULL),(15,'Cuscuz Nordestino',16,NULL),(16,'Baião de Dois',28,NULL),(17,'Escondidinho de Carne Seca',32,NULL),(18,'Acarajé',22,NULL),(19,'Cocada Cremosa',12,NULL),(20,'Pudim de Tapioca',14,NULL),(21,'Bolo de Rolo',15,NULL),(22,'Cartola Nordestina',18,NULL);
/*!40000 ALTER TABLE `produto` ENABLE KEYS */;
UNLOCK TABLES;

--
-- Dumping events for database 'loja'
--

--
-- Dumping routines for database 'loja'
--
/*!40103 SET TIME_ZONE=@OLD_TIME_ZONE */;

/*!40101 SET SQL_MODE=@OLD_SQL_MODE */;
/*!40014 SET FOREIGN_KEY_CHECKS=@OLD_FOREIGN_KEY_CHECKS */;
/*!40014 SET UNIQUE_CHECKS=@OLD_UNIQUE_CHECKS */;
/*!40101 SET CHARACTER_SET_CLIENT=@OLD_CHARACTER_SET_CLIENT */;
/*!40101 SET CHARACTER_SET_RESULTS=@OLD_CHARACTER_SET_RESULTS */;
/*!40101 SET COLLATION_CONNECTION=@OLD_COLLATION_CONNECTION */;
/*!40111 SET SQL_NOTES=@OLD_SQL_NOTES */;

-- Dump completed on 2026-05-29 18:37:22
