-- MySQL dump 10.13  Distrib 8.0.45, for Win64 (x86_64)
--
-- Host: localhost    Database: loja
-- ------------------------------------------------------
-- Server version	8.0.45

/*!40101 SET @OLD_CHARACTER_SET_CLIENT=@@CHARACTER_SET_CLIENT */;
/*!40101 SET @OLD_CHARACTER_SET_RESULTS=@@CHARACTER_SET_RESULTS */;
/*!40101 SET @OLD_COLLATION_CONNECTION=@@COLLATION_CONNECTION */;
/*!50503 SET NAMES utf8 */;
/*!40103 SET @OLD_TIME_ZONE=@@TIME_ZONE */;
/*!40103 SET TIME_ZONE='+00:00' */;
/*!40014 SET @OLD_UNIQUE_CHECKS=@@UNIQUE_CHECKS, UNIQUE_CHECKS=0 */;
/*!40014 SET @OLD_FOREIGN_KEY_CHECKS=@@FOREIGN_KEY_CHECKS, FOREIGN_KEY_CHECKS=0 */;
/*!40101 SET @OLD_SQL_MODE=@@SQL_MODE, SQL_MODE='NO_AUTO_VALUE_ON_ZERO' */;
/*!40111 SET @OLD_SQL_NOTES=@@SQL_NOTES, SQL_NOTES=0 */;

--
-- Table structure for table `cliente`
--

DROP TABLE IF EXISTS `cliente`;
/*!40101 SET @saved_cs_client     = @@character_set_client */;
/*!50503 SET character_set_client = utf8mb4 */;
CREATE TABLE `cliente` (
  `id` bigint NOT NULL AUTO_INCREMENT,
  `email` varchar(255) DEFAULT NULL,
  `nome` varchar(255) DEFAULT NULL,
  `senha` varchar(255) DEFAULT NULL,
  `tipo` varchar(255) DEFAULT NULL,
  `filial_id` bigint DEFAULT NULL,
  `pontos` int DEFAULT '0',
  `participa_fidelidade` tinyint(1) DEFAULT '1',
  PRIMARY KEY (`id`),
  KEY `FK1mlr6p1t2hc710vqpelk4f3us` (`filial_id`),
  CONSTRAINT `FK1mlr6p1t2hc710vqpelk4f3us` FOREIGN KEY (`filial_id`) REFERENCES `filial` (`id`)
) ENGINE=InnoDB AUTO_INCREMENT=96 DEFAULT CHARSET=utf8mb4 COLLATE=utf8mb4_0900_ai_ci;
/*!40101 SET character_set_client = @saved_cs_client */;

--
-- Dumping data for table `cliente`
--

LOCK TABLES `cliente` WRITE;
/*!40000 ALTER TABLE `cliente` DISABLE KEYS */;
INSERT INTO `cliente` VALUES (10,'vandermcalza@outlook.com','Vanderlei Marcelo Calza','$2a$10$9P2vwvqiXLS3Gn.6f2tgleDQ0D5MI19vUNwO8vxtbPl/hXQipxZLy','CLIENTE',NULL,54,1),(11,'vandermcalca@hotmail.com','Marcelo Calça','$2a$10$9P2vwvqiXLS3Gn.6f2tgleDQ0D5MI19vUNwO8vxtbPl/hXQipxZLy','CLIENTE',NULL,66,1),(12,'marcelino@hotmail.com','Marcelino Admin','$2a$10$9P2vwvqiXLS3Gn.6f2tgleDQ0D5MI19vUNwO8vxtbPl/hXQipxZLy','ADMIN',NULL,0,1),(13,'marcelo@marcelo','Marcelo','$2a$10$9P2vwvqiXLS3Gn.6f2tgleDQ0D5MI19vUNwO8vxtbPl/hXQipxZLy','CLIENTE',2,0,1),(14,'sandra@sandra','Sandra','$2a$10$9P2vwvqiXLS3Gn.6f2tgleDQ0D5MI19vUNwO8vxtbPl/hXQipxZLy','CLIENTE',NULL,0,1),(15,'sandramatos@hotmail.com','Sandra Matos(Shopping)','$2a$10$9P2vwvqiXLS3Gn.6f2tgleDQ0D5MI19vUNwO8vxtbPl/hXQipxZLy','GERENTE',2,0,1),(16,'bruna@bruna','Bruna(Centro)','$2a$10$9P2vwvqiXLS3Gn.6f2tgleDQ0D5MI19vUNwO8vxtbPl/hXQipxZLy','GERENTE',1,0,1),(17,'bruno@bruno','Bruno(Zona Norte)','$2a$10$9P2vwvqiXLS3Gn.6f2tgleDQ0D5MI19vUNwO8vxtbPl/hXQipxZLy','GERENTE',3,0,1),(18,'maria@maria','Maria Joaquina Atd (Centro)','$2a$10$9P2vwvqiXLS3Gn.6f2tgleDQ0D5MI19vUNwO8vxtbPl/hXQipxZLy','ATENDENTE',1,0,1),(19,NULL,'MARIAZILDA (Balcão)','$2a$10$9P2vwvqiXLS3Gn.6f2tgleDQ0D5MI19vUNwO8vxtbPl/hXQipxZLy','CLIENTE',NULL,0,1),(21,NULL,'vitor (Balcão)','$2a$10$9P2vwvqiXLS3Gn.6f2tgleDQ0D5MI19vUNwO8vxtbPl/hXQipxZLy','CLIENTE',NULL,0,1),(22,NULL,'fulano (Balcão)','$2a$10$9P2vwvqiXLS3Gn.6f2tgleDQ0D5MI19vUNwO8vxtbPl/hXQipxZLy','CLIENTE',NULL,0,1),(24,NULL,'Marinalva (Balcão)','$2a$10$9P2vwvqiXLS3Gn.6f2tgleDQ0D5MI19vUNwO8vxtbPl/hXQipxZLy','CLIENTE',NULL,0,1),(25,NULL,'paulo (Balcão)','$2a$10$9P2vwvqiXLS3Gn.6f2tgleDQ0D5MI19vUNwO8vxtbPl/hXQipxZLy','CLIENTE',NULL,0,1),(26,NULL,'joao (Balcão)','$2a$10$9P2vwvqiXLS3Gn.6f2tgleDQ0D5MI19vUNwO8vxtbPl/hXQipxZLy','CLIENTE',NULL,0,1),(27,'joao@joao','João ','$2a$10$9P2vwvqiXLS3Gn.6f2tgleDQ0D5MI19vUNwO8vxtbPl/hXQipxZLy','ATENDENTE',2,0,1),(28,'jose@jose','José','$2a$10$9P2vwvqiXLS3Gn.6f2tgleDQ0D5MI19vUNwO8vxtbPl/hXQipxZLy','ATENDENTE',3,0,1),(29,NULL,'tereza (Balcão)','$2a$10$9P2vwvqiXLS3Gn.6f2tgleDQ0D5MI19vUNwO8vxtbPl/hXQipxZLy','CLIENTE',NULL,0,1),(30,NULL,'paulo (Balcão)','$2a$10$9P2vwvqiXLS3Gn.6f2tgleDQ0D5MI19vUNwO8vxtbPl/hXQipxZLy','CLIENTE',NULL,0,1),(31,NULL,'vande (Balcão)','$2a$10$9P2vwvqiXLS3Gn.6f2tgleDQ0D5MI19vUNwO8vxtbPl/hXQipxZLy','CLIENTE',NULL,0,1),(32,NULL,'jorvasio (Balcão)','$2a$10$9P2vwvqiXLS3Gn.6f2tgleDQ0D5MI19vUNwO8vxtbPl/hXQipxZLy','CLIENTE',NULL,0,1),(33,NULL,'zeeze (Balcão)','$2a$10$9P2vwvqiXLS3Gn.6f2tgleDQ0D5MI19vUNwO8vxtbPl/hXQipxZLy','CLIENTE',NULL,0,1),(34,NULL,'jose aldo (Balcão)','$2a$10$9P2vwvqiXLS3Gn.6f2tgleDQ0D5MI19vUNwO8vxtbPl/hXQipxZLy','CLIENTE',NULL,0,1),(35,NULL,'fa (Balcão)','$2a$10$9P2vwvqiXLS3Gn.6f2tgleDQ0D5MI19vUNwO8vxtbPl/hXQipxZLy','CLIENTE',NULL,0,1),(36,NULL,'tereza (Balcão)','$2a$10$9P2vwvqiXLS3Gn.6f2tgleDQ0D5MI19vUNwO8vxtbPl/hXQipxZLy','CLIENTE',NULL,0,1),(37,NULL,'Vanderlei Marcelo Calza (Balcão)','$2a$10$9P2vwvqiXLS3Gn.6f2tgleDQ0D5MI19vUNwO8vxtbPl/hXQipxZLy','CLIENTE',NULL,0,1),(38,NULL,'Marcelo Calça (Balcão)','$2a$10$9P2vwvqiXLS3Gn.6f2tgleDQ0D5MI19vUNwO8vxtbPl/hXQipxZLy','CLIENTE',NULL,0,1),(39,NULL,'paulo (Balcão)','$2a$10$9P2vwvqiXLS3Gn.6f2tgleDQ0D5MI19vUNwO8vxtbPl/hXQipxZLy','CLIENTE',NULL,0,1),(40,NULL,'paulo (Balcão)','$2a$10$9P2vwvqiXLS3Gn.6f2tgleDQ0D5MI19vUNwO8vxtbPl/hXQipxZLy','CLIENTE',NULL,0,1),(41,NULL,'paulo (Balcão)','$2a$10$9P2vwvqiXLS3Gn.6f2tgleDQ0D5MI19vUNwO8vxtbPl/hXQipxZLy','CLIENTE',NULL,0,1),(42,NULL,'paulo paulada (Balcão)','$2a$10$9P2vwvqiXLS3Gn.6f2tgleDQ0D5MI19vUNwO8vxtbPl/hXQipxZLy','CLIENTE',NULL,0,1),(43,NULL,'paulo (Balcão)','$2a$10$9P2vwvqiXLS3Gn.6f2tgleDQ0D5MI19vUNwO8vxtbPl/hXQipxZLy','CLIENTE',NULL,0,1),(44,NULL,'Paulo Sergio (Balcão)','$2a$10$9P2vwvqiXLS3Gn.6f2tgleDQ0D5MI19vUNwO8vxtbPl/hXQipxZLy','CLIENTE',NULL,0,1),(45,NULL,'Paulo Mendonça (Balcão)','$2a$10$9P2vwvqiXLS3Gn.6f2tgleDQ0D5MI19vUNwO8vxtbPl/hXQipxZLy','CLIENTE',NULL,0,1),(46,'marcelos@marcelos','Marcelo','$2a$10$9P2vwvqiXLS3Gn.6f2tgleDQ0D5MI19vUNwO8vxtbPl/hXQipxZLy','CLIENTE',NULL,0,1),(47,'Valdomiro@valdomiro','Valdomiro','$2a$10$9P2vwvqiXLS3Gn.6f2tgleDQ0D5MI19vUNwO8vxtbPl/hXQipxZLy','CLIENTE',NULL,0,1),(48,'paulada@paulada','Paulo Paulada','$2a$10$9P2vwvqiXLS3Gn.6f2tgleDQ0D5MI19vUNwO8vxtbPl/hXQipxZLy','CLIENTE',NULL,0,1),(49,'mauro@mauro','Mauro','$2a$10$9P2vwvqiXLS3Gn.6f2tgleDQ0D5MI19vUNwO8vxtbPl/hXQipxZLy','CLIENTE',NULL,0,1),(50,'mario@mario','Mario Calza','$2a$10$9P2vwvqiXLS3Gn.6f2tgleDQ0D5MI19vUNwO8vxtbPl/hXQipxZLy','CLIENTE',NULL,0,1),(51,'tereza@tereza','Tereza','$2a$10$9P2vwvqiXLS3Gn.6f2tgleDQ0D5MI19vUNwO8vxtbPl/hXQipxZLy','CLIENTE',NULL,0,1),(52,'TesteBCrypt@TesteBCrypt','TesteBCrypt','$2a$10$9P2vwvqiXLS3Gn.6f2tgleDQ0D5MI19vUNwO8vxtbPl/hXQipxZLy','CLIENTE',NULL,0,1),(54,'novamente@novamente','Novamente','$2a$10$9P2vwvqiXLS3Gn.6f2tgleDQ0D5MI19vUNwO8vxtbPl/hXQipxZLy','CLIENTE',NULL,0,1),(55,'agora@agora','Agoravai','$2a$10$9P2vwvqiXLS3Gn.6f2tgleDQ0D5MI19vUNwO8vxtbPl/hXQipxZLy','CLIENTE',NULL,0,1),(56,'pedrinho@pedrinho','pedrinho','$2a$10$9P2vwvqiXLS3Gn.6f2tgleDQ0D5MI19vUNwO8vxtbPl/hXQipxZLy','CLIENTE',NULL,0,1),(57,'TesteHash2@TesteHash2','TesteHash2','$2a$10$9P2vwvqiXLS3Gn.6f2tgleDQ0D5MI19vUNwO8vxtbPl/hXQipxZLy','CLIENTE',NULL,0,1),(58,'Cliente@cliente','Novo Cliente','$2a$10$9P2vwvqiXLS3Gn.6f2tgleDQ0D5MI19vUNwO8vxtbPl/hXQipxZLy','CLIENTE',NULL,0,1),(59,NULL,'Marcelino (Balcão)','','CLIENTE',NULL,0,1),(60,NULL,'eu mesmo (Balcão)','','CLIENTE',NULL,0,1),(61,NULL,'Marcelino (Balcão)','','CLIENTE',NULL,0,1),(62,NULL,'Marcelo Calça (Balcão)','','CLIENTE',NULL,0,1),(63,NULL,'Marcelino  (Balcão)','','CLIENTE',NULL,0,1),(64,'sandra@sandrinha','Sandra Matos','$2a$10$0wwWdZtdJEDZteR0TZ14uu/AmNCnt/2QmnWxlXVOUF6STgztyMVpe','CLIENTE',NULL,48,1),(65,'marcel@marcel','Marcelo Calça','$2a$10$UndtER0M3TGWyOSYUJ4dy.0.XTxGVZsJ2E6yKHyeiW0hvKy6a6Fpq','CLIENTE',NULL,0,1),(66,'valdemar@valdemar','Valdemar','$2a$10$3ORWDZl5wwsKs5W45h2qf.ERWFiuRvd0us2qos9iMSnltf56TwFdu','CLIENTE',NULL,0,1),(67,'roberto@roberto','Roberto','$2a$10$YvAWn.dU1O1TwgE9kKnoVuXpKLUD11LihOMmz3dYjmeu70jFlCwR.','CLIENTE',NULL,0,0),(68,'giovane@giovane','Giovane','$2a$10$qse1GhEJi2lzYyRhhlzgV.5JpBAuDPNQEaXE4VAN8WzlVOpdlJGka','CLIENTE',NULL,0,0),(69,'juvi@juvi','Juvenal','$2a$10$UkGUo80FHVvRCztI3r64jOc2XKHyaK4GDJPa.B.ouLXHsj88Y1DwK','CLIENTE',NULL,0,0),(70,'beto@beto','Beto','$2a$10$c4k7QRSIMBwT1gI35F7uLuVbcUma4vdqs3HA2gfBQIkhRiZE0uPSm','CLIENTE',NULL,0,0),(71,'albert@albert','Albert','$2a$10$KrxV7v60PCTP//DbaV5fXeuNrj2WfcSwK.oJS8JP7gBjUe6WHOygu','CLIENTE',NULL,0,0),(72,'ricardo@ricardo','Ricardo','$2a$10$IiXCb17xpoUGpWLAA25Tke3GJidObVorv7ZxLwQphS.bLFStBQnxa','CLIENTE',NULL,0,0),(73,'luana@luana','Luana','$2a$10$E3N519Q1eik75Rpf/q9jAeriqAEQnZo4bWF1xJxmHyq/QjpbxhJjK','CLIENTE',NULL,0,1),(74,'lucio@lucio','Lucio','$2a$10$qiAvsBrwRPaGLmiIYXOxvuWxGnhcgXBpJI4ObQPpSOJf9rst1.olO','CLIENTE',NULL,0,0),(75,'totem@loja.com','CLIENTE TOTEM','TOTEM','CLIENTE',NULL,0,0),(77,NULL,'Marcelino (Balcão)','','CLIENTE',NULL,0,0),(86,NULL,'Josef (Balcão)','','CLIENTE',NULL,0,0),(91,'admin@loja.com','ADMIN','$2a$10$8IuzwKvmjmGKJFF3yK.sH.LSIS.xXbdOHp7IZz4ZHDUtXjsqnCCDe','ADMIN',NULL,0,0),(92,'gerente@lojaCentro.com','GERENTE-CENTRO','$2a$10$67loPLX.Fi2lSxjX.Pc1XeJaimkkRBNMPv0jSWD23lL2pXrTHGmFu','GERENTE',1,0,0),(93,'atendente@lojaCentro.com','ATENDENTE-CENTRO','$2a$10$OJgfSmGPu0vk5XXS/UWj2eamgDWtZvlBH8IfwWrZ48p0h7fYECNsG','ATENDENTE',1,0,0),(95,'cliente@loja.com','CLIENTE','$2a$10$yeZ7Nsp5lRvjgHM70lz/duUPUHemPuHIq.LhcXUf.lV1DK9DJEEya','CLIENTE',NULL,0,0);
/*!40000 ALTER TABLE `cliente` ENABLE KEYS */;
UNLOCK TABLES;

--
-- Table structure for table `estoque`
--

DROP TABLE IF EXISTS `estoque`;
/*!40101 SET @saved_cs_client     = @@character_set_client */;
/*!50503 SET character_set_client = utf8mb4 */;
CREATE TABLE `estoque` (
  `id` bigint NOT NULL AUTO_INCREMENT,
  `quantidade` int DEFAULT NULL,
  `filial_id` bigint DEFAULT NULL,
  `produto_id` bigint DEFAULT NULL,
  PRIMARY KEY (`id`),
  KEY `FKhosd093pbsi16y6d7t1rdmff0` (`filial_id`),
  KEY `FKh201uorwvq9pjj4dsvjyo73ft` (`produto_id`),
  CONSTRAINT `FKh201uorwvq9pjj4dsvjyo73ft` FOREIGN KEY (`produto_id`) REFERENCES `produto` (`id`),
  CONSTRAINT `FKhosd093pbsi16y6d7t1rdmff0` FOREIGN KEY (`filial_id`) REFERENCES `filial` (`id`)
) ENGINE=InnoDB AUTO_INCREMENT=97 DEFAULT CHARSET=utf8mb4 COLLATE=utf8mb4_0900_ai_ci;
/*!40101 SET character_set_client = @saved_cs_client */;

--
-- Dumping data for table `estoque`
--

LOCK TABLES `estoque` WRITE;
/*!40000 ALTER TABLE `estoque` DISABLE KEYS */;
INSERT INTO `estoque` VALUES (1,7,1,1),(2,3,1,2),(3,1073741824,1,3),(4,11,1,4),(5,11,1,5),(6,9,1,6),(7,15,1,7),(8,15,1,8),(9,18,1,9),(10,20,1,10),(11,20,1,11),(12,20,1,12),(13,20,1,13),(14,20,1,14),(15,20,1,15),(16,20,1,16),(17,20,1,17),(18,20,1,18),(19,20,1,19),(20,20,1,20),(21,20,1,21),(22,20,1,22),(32,2,2,1),(33,0,2,2),(34,9,2,3),(35,6,2,4),(36,15,2,5),(37,14,2,6),(38,15,2,7),(39,15,2,8),(40,15,2,9),(41,15,2,10),(42,15,2,11),(43,15,2,12),(44,10,2,13),(45,15,2,14),(46,15,2,15),(47,15,2,16),(48,15,2,17),(49,15,2,18),(50,15,2,19),(51,15,2,20),(52,15,2,21),(53,15,2,22),(63,1,3,1),(64,0,3,2),(65,2,3,3),(66,0,3,4),(67,10,3,5),(68,10,3,6),(69,10,3,7),(70,10,3,8),(71,10,3,9),(72,10,3,10),(73,10,3,11),(74,10,3,12),(75,10,3,13),(76,10,3,14),(77,10,3,15),(78,10,3,16),(79,10,3,17),(80,10,3,18),(81,10,3,19),(82,10,3,20),(83,10,3,21),(84,10,3,22);
/*!40000 ALTER TABLE `estoque` ENABLE KEYS */;
UNLOCK TABLES;

--
-- Table structure for table `filial`
--

DROP TABLE IF EXISTS `filial`;
/*!40101 SET @saved_cs_client     = @@character_set_client */;
/*!50503 SET character_set_client = utf8mb4 */;
CREATE TABLE `filial` (
  `id` bigint NOT NULL AUTO_INCREMENT,
  `nome` varchar(255) DEFAULT NULL,
  PRIMARY KEY (`id`)
) ENGINE=InnoDB AUTO_INCREMENT=4 DEFAULT CHARSET=utf8mb4 COLLATE=utf8mb4_0900_ai_ci;
/*!40101 SET character_set_client = @saved_cs_client */;

--
-- Dumping data for table `filial`
--

LOCK TABLES `filial` WRITE;
/*!40000 ALTER TABLE `filial` DISABLE KEYS */;
INSERT INTO `filial` VALUES (1,'Centro'),(2,'Shopping'),(3,'Zona Norte');
/*!40000 ALTER TABLE `filial` ENABLE KEYS */;
UNLOCK TABLES;

--
-- Table structure for table `item_pedido`
--

DROP TABLE IF EXISTS `item_pedido`;
/*!40101 SET @saved_cs_client     = @@character_set_client */;
/*!50503 SET character_set_client = utf8mb4 */;
CREATE TABLE `item_pedido` (
  `id` bigint NOT NULL AUTO_INCREMENT,
  `preco_unitario` double DEFAULT NULL,
  `quantidade` int DEFAULT NULL,
  `pedido_id` bigint DEFAULT NULL,
  `produto_id` bigint DEFAULT NULL,
  PRIMARY KEY (`id`),
  KEY `FK60ym08cfoysa17wrn1swyiuda` (`pedido_id`),
  KEY `FKtk55mn6d6bvl5h0no5uagi3sf` (`produto_id`),
  CONSTRAINT `FK60ym08cfoysa17wrn1swyiuda` FOREIGN KEY (`pedido_id`) REFERENCES `pedido` (`id`),
  CONSTRAINT `FKtk55mn6d6bvl5h0no5uagi3sf` FOREIGN KEY (`produto_id`) REFERENCES `produto` (`id`)
) ENGINE=InnoDB AUTO_INCREMENT=151 DEFAULT CHARSET=utf8mb4 COLLATE=utf8mb4_0900_ai_ci;
/*!40101 SET character_set_client = @saved_cs_client */;

--
-- Dumping data for table `item_pedido`
--

LOCK TABLES `item_pedido` WRITE;
/*!40000 ALTER TABLE `item_pedido` DISABLE KEYS */;
INSERT INTO `item_pedido` VALUES (1,18,1,6,2),(2,8,2,9,4),(3,15,2,12,1),(4,18,1,28,2),(5,15,1,28,1),(6,18,1,32,2),(7,15,1,32,1),(8,15,1,36,1),(9,18,1,36,2),(10,10,2,40,6),(11,18,1,43,2),(12,15,1,43,1),(13,18,1,46,2),(14,18,1,51,2),(15,18,1,75,2),(16,22,1,75,3),(17,18,1,79,2),(18,15,1,79,1),(19,15,1,82,1),(20,18,1,82,2),(21,18,1,85,2),(22,18,1,88,2),(23,15,1,88,1),(24,18,1,91,2),(25,18,1,94,2),(26,18,1,99,2),(27,8,1,99,4),(28,18,1,103,2),(29,18,1,106,2),(30,8,1,109,4),(31,8,1,113,4),(32,22,1,113,3),(33,10,1,116,6),(34,10,1,116,5),(35,7,1,116,7),(36,8,1,120,4),(37,10,1,120,6),(38,10,2,123,5),(39,22,1,123,3),(40,8,1,123,4),(41,10,1,126,5),(42,22,1,126,3),(43,10,1,126,6),(44,18,1,129,2),(45,8,1,129,4),(46,22,1,129,3),(50,25,1,132,8),(51,7,1,132,7),(52,28,1,132,9),(53,10,1,137,6),(54,10,1,137,5),(55,25,1,137,8),(56,8,1,147,4),(57,22,1,147,3),(58,10,1,150,6),(59,10,1,150,5),(60,10,1,153,6),(61,10,1,153,5),(62,25,1,156,8),(63,7,1,156,7),(64,28,1,156,9),(65,10,1,159,6),(66,10,1,159,5),(67,10,1,160,5),(68,10,1,160,6),(69,8,1,160,4),(70,25,1,161,8),(71,7,1,161,7),(72,10,1,163,6),(73,25,1,163,8),(74,7,1,163,7),(75,18,1,164,2),(76,15,1,164,1),(77,8,1,164,4),(78,8,1,165,4),(79,18,1,165,2),(80,15,1,165,1),(81,8,1,166,4),(82,22,1,166,3),(83,18,1,167,2),(84,8,1,167,4),(85,22,1,167,3),(86,8,1,170,4),(87,22,1,170,3),(88,8,1,171,4),(89,22,1,171,3),(90,18,1,172,2),(91,8,1,172,4),(92,22,1,172,3),(93,15,1,172,1),(94,18,1,176,2),(95,22,1,176,3),(96,8,1,176,4),(97,8,1,177,4),(98,18,1,179,2),(99,22,1,179,3),(100,18,1,180,2),(101,15,1,180,1),(102,8,1,181,4),(103,22,1,181,3),(104,15,1,184,1),(105,22,1,184,3),(106,8,1,185,4),(107,22,1,185,3),(108,18,1,186,2),(109,18,1,187,2),(110,15,1,187,1),(111,18,1,188,2),(112,15,1,188,1),(115,8,1,197,4),(116,18,1,197,2),(120,18,2,201,2),(121,8,1,201,4),(122,18,1,203,2),(123,22,1,204,3),(124,15,1,204,1),(125,15,2,207,1),(126,18,1,208,2),(127,15,1,208,1),(128,18,1,209,2),(129,15,1,209,1),(130,15,1,210,1),(131,18,1,210,2),(132,18,1,211,2),(133,15,1,211,1),(134,18,1,212,2),(135,15,1,212,1),(136,15,1,213,1),(137,18,1,213,2),(138,18,1,214,2),(139,15,1,214,1),(140,8,1,215,4),(141,22,1,215,3),(142,22,1,216,3),(143,8,1,216,4),(144,22,1,217,3),(145,8,1,217,4),(146,18,2,218,2),(147,8,1,218,4),(148,10,1,218,6),(149,18,1,219,2),(150,15,1,219,1);
/*!40000 ALTER TABLE `item_pedido` ENABLE KEYS */;
UNLOCK TABLES;

--
-- Table structure for table `pagamento`
--

DROP TABLE IF EXISTS `pagamento`;
/*!40101 SET @saved_cs_client     = @@character_set_client */;
/*!50503 SET character_set_client = utf8mb4 */;
CREATE TABLE `pagamento` (
  `id` bigint NOT NULL AUTO_INCREMENT,
  `metodo` varchar(255) DEFAULT NULL,
  `status` varchar(255) DEFAULT NULL,
  `pedido_id` bigint DEFAULT NULL,
  PRIMARY KEY (`id`),
  UNIQUE KEY `UKsc46s3wc046ujpdoumidm4cr7` (`pedido_id`),
  CONSTRAINT `FKthad9tkw4188hb3qo1lm5ueb0` FOREIGN KEY (`pedido_id`) REFERENCES `pedido` (`id`)
) ENGINE=InnoDB AUTO_INCREMENT=74 DEFAULT CHARSET=utf8mb4 COLLATE=utf8mb4_0900_ai_ci;
/*!40101 SET character_set_client = @saved_cs_client */;

--
-- Dumping data for table `pagamento`
--

LOCK TABLES `pagamento` WRITE;
/*!40000 ALTER TABLE `pagamento` DISABLE KEYS */;
INSERT INTO `pagamento` VALUES (1,'PIX','APROVADO',6),(2,'PIX','APROVADO',9),(3,'PIX','APROVADO',12),(4,'PIX','APROVADO',28),(5,'PIX','APROVADO',32),(6,'PIX','APROVADO',36),(7,'PIX','APROVADO',40),(8,'PIX','APROVADO',43),(9,'PIX','APROVADO',46),(10,'PIX','APROVADO',51),(11,'PIX','APROVADO',75),(12,'PIX','APROVADO',79),(13,'PIX','APROVADO',82),(14,'PIX','APROVADO',85),(15,'PIX','APROVADO',88),(16,'PIX','APROVADO',91),(17,'PIX','APROVADO',94),(18,'PIX','APROVADO',99),(19,'PIX','APROVADO',103),(20,'PIX','APROVADO',106),(21,'PIX','APROVADO',109),(22,'PIX','APROVADO',113),(23,'PIX','APROVADO',116),(24,'PIX','APROVADO',120),(25,'PIX','APROVADO',123),(26,'PIX','APROVADO',126),(27,'PIX','APROVADO',129),(28,'PIX','APROVADO',132),(31,'PIX','APROVADO',137),(32,'PIX','APROVADO',147),(33,'PIX','APROVADO',150),(34,'PIX','APROVADO',153),(35,'PIX','APROVADO',156),(36,'PIX','APROVADO',159),(37,'PIX','APROVADO',160),(38,'PIX','APROVADO',161),(39,'PIX','APROVADO',163),(40,'PIX','APROVADO',164),(41,'PIX','APROVADO',165),(42,'PIX','APROVADO',166),(43,'PIX','APROVADO',167),(44,'PIX','APROVADO',176),(45,'PIX','APROVADO',177),(46,'PIX','APROVADO',180),(47,'PIX','APROVADO',181),(48,'PIX','APROVADO',184),(50,'PIX','APROVADO',185),(51,'PIX','APROVADO',186),(52,'PIX','APROVADO',187),(53,'PIX','APROVADO',188),(54,'PIX','APROVADO',197),(55,'PIX','APROVADO',201),(58,'PIX','APROVADO',203),(59,'PIX','APROVADO',204),(60,'PIX','APROVADO',207),(61,'MOCK_RECUSADO','RECUSADO',208),(62,'MOCK_RECUSADO','RECUSADO',209),(63,'MOCK_RECUSADO','RECUSADO',210),(64,'PIX','APROVADO',211),(65,'MOCK_RECUSADO','RECUSADO',212),(66,'MOCK_RECUSADO','RECUSADO',213),(68,'CARTAO','APROVADO',214),(69,'MOCK_RECUSADO','RECUSADO',215),(70,'MOCK_RECUSADO','RECUSADO',216),(71,'MOCK_RECUSADO','RECUSADO',217),(72,'PIX','APROVADO',218),(73,'PIX','APROVADO',219);
/*!40000 ALTER TABLE `pagamento` ENABLE KEYS */;
UNLOCK TABLES;

--
-- Table structure for table `pedido`
--

DROP TABLE IF EXISTS `pedido`;
/*!40101 SET @saved_cs_client     = @@character_set_client */;
/*!50503 SET character_set_client = utf8mb4 */;
CREATE TABLE `pedido` (
  `id` bigint NOT NULL AUTO_INCREMENT,
  `data_pedido` datetime(6) DEFAULT NULL,
  `status` varchar(255) DEFAULT NULL,
  `valor_total` double DEFAULT NULL,
  `cliente_id` bigint DEFAULT NULL,
  `filial_id` bigint DEFAULT NULL,
  `canal_pedido` varchar(20) DEFAULT NULL,
  `status_pagamento` varchar(255) DEFAULT NULL,
  `codigo_pagamento` varchar(255) DEFAULT NULL,
  `data_pagamento` datetime DEFAULT NULL,
  `numero_senha` varchar(255) DEFAULT NULL,
  PRIMARY KEY (`id`),
  KEY `FK30s8j2ktpay6of18lbyqn3632` (`cliente_id`),
  KEY `FKl1n770t6l2ps1k1ctqg9xcq56` (`filial_id`),
  CONSTRAINT `FK30s8j2ktpay6of18lbyqn3632` FOREIGN KEY (`cliente_id`) REFERENCES `cliente` (`id`),
  CONSTRAINT `FKl1n770t6l2ps1k1ctqg9xcq56` FOREIGN KEY (`filial_id`) REFERENCES `filial` (`id`)
) ENGINE=InnoDB AUTO_INCREMENT=220 DEFAULT CHARSET=utf8mb4 COLLATE=utf8mb4_0900_ai_ci;
/*!40101 SET character_set_client = @saved_cs_client */;

--
-- Dumping data for table `pedido`
--

LOCK TABLES `pedido` WRITE;
/*!40000 ALTER TABLE `pedido` DISABLE KEYS */;
INSERT INTO `pedido` VALUES (6,'2026-05-14 10:03:45.071735','FINALIZADO',18,10,1,NULL,NULL,NULL,NULL,NULL),(9,'2026-05-14 10:04:30.174046','PENDENTE',16,10,2,NULL,NULL,NULL,NULL,NULL),(12,'2026-05-14 10:04:57.052550','FINALIZADO',30,10,3,NULL,NULL,NULL,NULL,NULL),(28,'2026-05-14 10:49:11.212172','FINALIZADO',33,10,1,NULL,NULL,NULL,NULL,NULL),(32,'2026-05-14 10:54:45.204637','FINALIZADO',33,11,1,NULL,NULL,NULL,NULL,NULL),(36,'2026-05-14 11:06:12.302384','EM PREPARO',33,10,1,NULL,NULL,NULL,NULL,NULL),(40,'2026-05-14 11:13:55.650086','EM PREPARO',20,10,1,NULL,NULL,NULL,NULL,NULL),(43,'2026-05-14 11:20:55.885847','EM PREPARO',33,10,1,NULL,NULL,NULL,NULL,NULL),(46,'2026-05-14 11:22:23.180902','EM PREPARO',18,10,1,NULL,NULL,NULL,NULL,NULL),(51,'2026-05-14 11:27:05.407857','EM PREPARO',18,10,1,NULL,NULL,NULL,NULL,NULL),(75,'2026-05-15 22:06:34.361473','EM PREPARO',40,26,1,NULL,NULL,NULL,NULL,NULL),(79,'2026-05-15 22:11:17.645716','SAIU PARA ENTREGA',33,29,2,NULL,NULL,NULL,NULL,NULL),(82,'2026-05-15 22:12:28.277107','EM PREPARO',33,30,3,NULL,NULL,NULL,NULL,NULL),(85,'2026-05-15 22:13:36.701236','EM PREPARO',18,31,1,NULL,NULL,NULL,NULL,NULL),(88,'2026-05-15 22:33:42.587087','EM PREPARO',33,32,1,NULL,NULL,NULL,NULL,NULL),(91,'2026-05-15 22:35:03.964805','EM PREPARO',18,33,1,NULL,NULL,NULL,NULL,NULL),(94,'2026-05-15 22:41:21.201917','EM PREPARO',18,34,1,NULL,NULL,NULL,NULL,NULL),(99,'2026-05-15 22:46:53.200270','FINALIZADO',26,35,1,NULL,NULL,NULL,NULL,NULL),(103,'2026-05-15 23:02:48.345996','EM PREPARO',18,36,1,NULL,NULL,NULL,NULL,NULL),(106,'2026-05-27 19:26:47.671779','EM PREPARO',18,37,1,NULL,NULL,NULL,NULL,NULL),(109,'2026-05-29 15:57:34.039723','EM PREPARO',8,38,1,NULL,NULL,NULL,NULL,NULL),(113,'2026-05-29 16:15:32.119660','EM PREPARO',30,39,1,NULL,NULL,NULL,NULL,NULL),(116,'2026-05-29 16:17:03.699790','EM PREPARO',27,40,1,NULL,NULL,NULL,NULL,NULL),(120,'2026-05-29 16:29:16.005409','EM PREPARO',18,41,1,NULL,NULL,NULL,NULL,NULL),(123,'2026-05-29 16:46:08.596773','EM PREPARO',50,42,1,NULL,NULL,NULL,NULL,NULL),(126,'2026-05-29 16:47:50.511736','EM PREPARO',42,43,1,NULL,NULL,NULL,NULL,NULL),(129,'2026-05-29 16:56:25.788647','EM PREPARO',48,44,1,NULL,NULL,NULL,NULL,NULL),(132,'2026-05-29 16:58:11.692305','EM PREPARO',60,45,1,NULL,NULL,NULL,NULL,NULL),(137,'2026-05-29 16:59:58.286823','EM PREPARO',45,13,1,NULL,NULL,NULL,NULL,NULL),(147,'2026-06-02 09:37:20.232973','EM PREPARO',30,59,1,NULL,NULL,NULL,NULL,NULL),(150,'2026-06-02 09:58:51.199621','EM PREPARO',20,10,1,NULL,NULL,NULL,NULL,NULL),(153,'2026-06-02 10:00:51.527206','EM PREPARO',20,60,1,'BALCAO',NULL,NULL,NULL,NULL),(156,'2026-06-02 10:12:18.993192','EM PREPARO',60,61,1,'BALCAO','APROVADO','PAG408956','2026-06-04 14:43:28',NULL),(159,'2026-06-02 16:21:16.652944','EM PREPARO',20,62,1,'BALCAO',NULL,NULL,NULL,NULL),(160,'2026-06-02 17:33:19.902206','EM PREPARO',28,10,NULL,'WEB','APROVADO','PAG282437','2026-06-02 17:44:14',NULL),(161,'2026-06-02 18:18:01.876092','EM PREPARO',32,10,1,'WEB','APROVADO','PAG278195','2026-06-02 18:20:13',NULL),(163,'2026-06-02 19:05:23.689530','EM PREPARO',42,63,1,'BALCAO','APROVADO','PAY1780437932292','2026-06-02 19:05:32',NULL),(164,'2026-06-02 19:07:31.289752','EM PREPARO',41,10,2,'WEB','APROVADO','PAY1780438080808','2026-06-02 19:08:01',NULL),(165,'2026-06-02 19:27:23.989669','EM PREPARO',41,10,3,'WEB','APROVADO','PAY1780439262218','2026-06-02 19:27:42',NULL),(166,'2026-06-02 19:44:20.853128','EM PREPARO',30,10,3,'WEB','APROVADO','PAY1780440272875','2026-06-02 19:44:33',NULL),(167,'2026-06-02 20:03:33.733525','EM PREPARO',48,64,3,'WEB','APROVADO','PAY1780441425963','2026-06-02 20:03:46',NULL),(170,'2026-06-03 13:36:20.369639','EM PREPARO',30,10,3,'WEB',NULL,NULL,NULL,NULL),(171,'2026-06-03 13:55:18.226920','EM PREPARO',30,10,3,'WEB',NULL,NULL,NULL,NULL),(172,'2026-06-03 14:06:36.771558','EM PREPARO',63,10,3,'WEB',NULL,NULL,NULL,NULL),(176,'2026-06-03 15:10:34.646494','EM PREPARO',40.9,10,3,'WEB','APROVADO','PAY1780510255991','2026-06-03 15:10:56',NULL),(177,'2026-06-03 15:11:30.749642','EM PREPARO',8,10,3,'WEB','APROVADO','PAG537772','2026-06-03 15:41:01',NULL),(179,'2026-06-03 16:31:40.500047','PENDENTE',40,10,3,'WEB',NULL,NULL,NULL,NULL),(180,'2026-06-03 16:41:09.181008','EM PREPARO',28.2,10,3,'WEB','APROVADO','PAY1780515687894','2026-06-03 16:41:28',NULL),(181,'2026-06-03 16:43:37.474402','EM PREPARO',27.2,10,2,'WEB','APROVADO','PAY1780515838461','2026-06-03 16:43:58',NULL),(184,'2026-06-03 17:44:49.826327','EM PREPARO',34.3,10,2,'WEB','APROVADO','PAY1780519517060','2026-06-03 17:45:17',NULL),(185,'2026-06-03 17:50:20.214192','EM PREPARO',26.6,10,2,'WEB','APROVADO','PAY1780519833653','2026-06-03 17:50:34',NULL),(186,'2026-06-03 19:03:33.247396','EM PREPARO',18,68,2,'WEB','APROVADO','PAY1780524232676','2026-06-03 19:03:53',NULL),(187,'2026-06-03 19:06:14.977956','EM PREPARO',33,69,2,'WEB','APROVADO','PAY1780524398683','2026-06-03 19:06:39',NULL),(188,'2026-06-03 19:09:41.492828','EM PREPARO',33,70,2,'WEB','APROVADO','PAY1780524592643','2026-06-03 19:09:53',NULL),(197,'2026-06-04 18:57:58.705225','EM PREPARO',23.4,10,3,'WEB','APROVADO','PAY1780610292840','2026-06-04 18:58:13',NULL),(201,'2026-06-08 20:21:03.322859','EM PREPARO',44,10,3,'WEB','APROVADO','PAY1780961134561','2026-06-08 20:25:35',NULL),(203,'2026-06-08 20:30:15.169379','EM PREPARO',18,77,1,'BALCAO','APROVADO','PAY1780961425113','2026-06-08 20:30:25',NULL),(204,'2026-06-08 20:41:27.137028','EM PREPARO',37,11,3,'WEB','APROVADO','PAY1780962103992','2026-06-08 20:41:44',NULL),(207,'2026-06-08 21:21:12.485946','EM PREPARO',23.3,10,3,'WEB','APROVADO','PAY1780964490025','2026-06-08 21:21:30',NULL),(208,'2026-06-09 07:55:26.054913','CANCELADO',30.7,10,2,'WEB','RECUSADO','PAY1781002549531','2026-06-09 07:55:50',NULL),(209,'2026-06-09 08:04:16.607681','CANCELADO',29.3,11,2,'WEB','RECUSADO','PAY1781003072045','2026-06-09 08:04:32',NULL),(210,'2026-06-09 08:15:37.832416','CANCELADO',33,10,2,'WEB','RECUSADO','PAY1781003746691','2026-06-09 08:15:47',NULL),(211,'2026-06-09 09:02:43.366389','EM PREPARO',33,11,2,'WEB','APROVADO','PAY1781006570649','2026-06-09 09:02:51',NULL),(212,'2026-06-09 09:03:16.182204','CANCELADO',29.7,11,2,'WEB','RECUSADO','PAY1781006614689','2026-06-09 09:03:35',NULL),(213,'2026-06-09 09:07:59.071750','CANCELADO',29.7,11,2,'WEB','RECUSADO','PAY1781006891690','2026-06-09 09:08:12',NULL),(214,'2026-06-09 09:10:14.701725','EM PREPARO',33,11,2,'WEB','APROVADO','PAY1781007023344','2026-06-09 09:10:23',NULL),(215,'2026-06-09 09:11:08.657072','CANCELADO',23.4,11,2,'WEB','RECUSADO','PAY1781007082906','2026-06-09 09:11:23',NULL),(216,'2026-06-09 09:11:41.710226','CANCELADO',23.4,11,2,'WEB','RECUSADO','PAY1781007121737','2026-06-09 09:12:02',NULL),(217,'2026-06-09 09:12:20.861012','CANCELADO',23.4,11,2,'WEB','RECUSADO','PAY1781007175937','2026-06-09 09:12:56',NULL),(218,'2026-06-09 09:34:26.782462','EM PREPARO',54,10,2,'WEB','APROVADO','PAY1781008481113','2026-06-09 09:34:41',NULL),(219,'2026-06-09 14:50:41.695249','EM PREPARO',33,86,1,'BALCAO','APROVADO','PAY1781027456912','2026-06-09 14:50:57',NULL);
/*!40000 ALTER TABLE `pedido` ENABLE KEYS */;
UNLOCK TABLES;

--
-- Table structure for table `produto`
--

DROP TABLE IF EXISTS `produto`;
/*!40101 SET @saved_cs_client     = @@character_set_client */;
/*!50503 SET character_set_client = utf8mb4 */;
CREATE TABLE `produto` (
  `id` bigint NOT NULL AUTO_INCREMENT,
  `nome` varchar(255) DEFAULT NULL,
  `preco` double DEFAULT NULL,
  `estoque` int DEFAULT NULL,
  PRIMARY KEY (`id`)
) ENGINE=InnoDB AUTO_INCREMENT=25 DEFAULT CHARSET=utf8mb4 COLLATE=utf8mb4_0900_ai_ci;
/*!40101 SET character_set_client = @saved_cs_client */;

--
-- Dumping data for table `produto`
--

LOCK TABLES `produto` WRITE;
/*!40000 ALTER TABLE `produto` DISABLE KEYS */;
INSERT INTO `produto` VALUES (1,'Açaí Tradicional',15,NULL),(2,'Açaí com Banana',18,NULL),(3,'Açaí Premium',22,NULL),(4,'Água de Coco',8,NULL),(5,'Suco de Cajá',10,NULL),(6,'Suco de Umbu',10,NULL),(7,'Refrigerante Lata',7,NULL),(8,'X-Burger Nordestino',25,NULL),(9,'X-Bacon',28,NULL),(10,'Hambúrguer Artesanal',32,NULL),(11,'Batata Frita',18,NULL),(12,'Batata com Cheddar',24,NULL),(13,'Tapioca de Carne Seca',20,NULL),(14,'Tapioca de Queijo Coalho',18,NULL),(15,'Cuscuz Nordestino',16,NULL),(16,'Baião de Dois',28,NULL),(17,'Escondidinho de Carne Seca',32,NULL),(18,'Acarajé',22,NULL),(19,'Cocada Cremosa',12,NULL),(20,'Pudim de Tapioca',14,NULL),(21,'Bolo de Rolo',15,NULL),(22,'Cartola Nordestina',18,NULL),(24,'Cuscuz API',25,100);
/*!40000 ALTER TABLE `produto` ENABLE KEYS */;
UNLOCK TABLES;
/*!40103 SET TIME_ZONE=@OLD_TIME_ZONE */;

/*!40101 SET SQL_MODE=@OLD_SQL_MODE */;
/*!40014 SET FOREIGN_KEY_CHECKS=@OLD_FOREIGN_KEY_CHECKS */;
/*!40014 SET UNIQUE_CHECKS=@OLD_UNIQUE_CHECKS */;
/*!40101 SET CHARACTER_SET_CLIENT=@OLD_CHARACTER_SET_CLIENT */;
/*!40101 SET CHARACTER_SET_RESULTS=@OLD_CHARACTER_SET_RESULTS */;
/*!40101 SET COLLATION_CONNECTION=@OLD_COLLATION_CONNECTION */;
/*!40111 SET SQL_NOTES=@OLD_SQL_NOTES */;

-- Dump completed on 2026-06-09 17:12:57
